<catalog type="skin">
        <group name="*    SKINs BRASILEIRAS    *">
                <skin id="0" name="Skin 01" keywords="truth,male,white,hippie"/>
                <skin id="23" name="Skin 02" keywords="truth,male,white,hippie"/>
                <skin id="24" name="Skin 03" keywords="truth,male,white,hippie"/>
                <skin id="25" name="Skin 04" keywords="truth,male,white,hippie"/>
                <skin id="27" name="Skin 05" keywords="truth,male,white,hippie"/>
                <skin id="28" name="Skin 06" keywords="truth,male,white,hippie"/>
                <skin id="29" name="Skin 07" keywords="truth,male,white,hippie"/>
                <skin id="30" name="Skin 08" keywords="truth,male,white,hippie"/>
                <skin id="32" name="Skin 09" keywords="truth,male,white,hippie"/>
                <skin id="33" name="Skin 10" keywords="truth,male,white,hippie"/>
                <skin id="34" name="Skin 11" keywords="truth,male,white,hippie"/>
                <skin id="35" name="Skin 12" keywords="truth,male,white,hippie"/>
                <skin id="36" name="Skin 13" keywords="truth,male,white,hippie"/>
                <skin id="37" name="Skin 14" keywords="truth,male,white,hippie"/>
	        <skin id="38" name="Skin 15" keywords="truth,male,white,hippie"/>
                <skin id="39" name="Skin 16" keywords="truth,male,white,hippie"/>
                <skin id="40" name="Skin 17" keywords="truth,male,white,hippie"/>
	        <skin id="37" name="Skin 18" keywords="truth,male,white,hippie"/>
                <skin id="38" name="Skin 19" keywords="truth,male,white,hippie"/>
                <skin id="39" name="Skin 20" keywords="truth,male,white,hippie"/>
		<skin id="40" name="Skin 21" keywords="truth,male,white,hippie"/>
				<skin id="15" name="Skin Feminina 26" keywords="truth,male,white,hippie"/>
				<skin id="16" name="Skin Feminina 27" keywords="truth,male,white,hippie"/>
				<skin id="17" name="Skin Feminina 28" keywords="truth,male,white,hippie"/>
				<skin id="18" name="Skin Feminina 29" keywords="truth,male,white,hippie"/>
				<skin id="19" name="Skin Feminina 30" keywords="truth,male,white,hippie"/>
				<skin id="20" name="Skin Feminina 31" keywords="truth,male,white,hippie"/>
				<skin id="21" name="Skin Feminina 31" keywords="truth,male,white,hippie"/>
				<skin id="22" name="Skin Feminina 31" keywords="truth,male,white,hippie"/>
				<skin id="31" name="Skin Feminina 31" keywords="truth,male,white,hippie"/>
				<skin id="41" name="Skin Feminina 31" keywords="truth,male,white,hippie"/>
            
         

	</group>
</catalog>