<meta>
    <info author="Pink Store" name="Painel Arena PVP" description="https://discord.gg/5SGv5Mg8Q9" version="1.0.0" type="script"/>

    <script src="PinkE.lua" type="shared" cache="false"/>
    <script src="PinkS.luac" type="server"/>
    <script src="PinkC.luac" type="client" cache="false"/>

    <file src="files/0.png" cache="false"/>
    <file src="files/1.png" cache="false"/>
    <file src="files/2.png" cache="false"/>
    <file src="files/3.png" cache="false"/>
    <file src="files/4.png" cache="false"/>
    <file src="files/5.png" cache="false"/>

    <file src="font/font1.ttf" cache="false"/>
    <file src="font/font2.ttf" cache="false"/>

    <file src="sounds/open.mp3" cache="false"/>
    <file src="sounds/close.mp3" cache="false"/>
	<file src="sounds/click.mp3" cache="false"/>
</meta>