<meta>
	<script src="shader.lua" type="client" cache="false"/>
	<file src="shader.fx" />	
	<file src="img/cos_hiwaymid_256.jpg" />	
	<file src="img/crossing_law.jpg" />	
	<file src="img/crossing2_law.jpg" />	
	<file src="img/des_oldrunway.jpg" />
	<file src="img/desert_1line256.jpg" />
	<file src="img/dt_road_stoplinea.jpg" />
	<file src="img/hiwayend_256.jpg" />
	<file src="img/roadnew4_256.jpg" />
	<file src="img/sf_junction1.jpg" />
	<file src="img/sf_junction2.jpg" />
	<file src="img/sl_freew2road1.jpg" />
	<file src="img/snpedtest1BLND.jpg" />
	<file src="img/Tar_1line256HV.jpg" />
	<file src="img/Tar_1line256HVblend2.jpg" />
	<file src="img/Tar_freewyleft.jpg" />
	<file src="img/Tar_freewyright.jpg" />
	<file src="img/vegasdirtyroad3_256.jpg" />
	<file src="img/vegastriproad1_256.jpg" />
	
</meta>