<meta>
	<info author="jlillis, vx89, Ash_735" type="script" name="HUD Remaster" version="1.0.0" />

	<script src="client/main.lua" type="client" />

	<file src="client/shaders/texture_replace.fx" />
	<file src="client/textures/ak47icon.png" />
	<file src="client/textures/baticon.png" />
	<file src="client/textures/bombicon.png" />
	<file src="client/textures/BRASSKNUCKLEicon.png" />
	<file src="client/textures/cameraCrosshair.png" />
	<file src="client/textures/cameraicon.png" />
	<file src="client/textures/cellphoneicon.png" />
	<file src="client/textures/chnsawicon.png" />
	<file src="client/textures/chromegunicon.png" />
	<file src="client/textures/colt45icon.png" />
	<file src="client/textures/cuntgunicon.png" />
	<file src="client/textures/desert_eagleicon.png" />
	<file src="client/textures/fire_exicon.png" />
	<file src="client/textures/fist.png" />
	<file src="client/textures/flameicon.png" />
	<file src="client/textures/floweraicon.png" />
	<file src="client/textures/flowerbicon.png" />
	<file src="client/textures/font1.png" />
	<file src="client/textures/font2.png" />
	<file src="client/textures/golfclubicon.png" />
	<file src="client/textures/grenadeicon.png" />
	<file src="client/textures/gun_caneicon.png" />
	<file src="client/textures/gun_dildo1icon.png" />
	<file src="client/textures/gun_dildo2icon.png" />
	<file src="client/textures/gun_paraicon.png" />
	<file src="client/textures/gun_vibe1icon.png" />
	<file src="client/textures/gun_vibe2icon.png" />
	<file src="client/textures/heatseekicon.png" />
	<file src="client/textures/irgogglesicon.png" />
	<file src="client/textures/jetpackicon.png" />
	<file src="client/textures/katanaicon.png" />
	<file src="client/textures/knifecuricon.png" />
	<file src="client/textures/M4icon.png" />
	<file src="client/textures/micro_uziicon.png" />
	<file src="client/textures/minigunicon.png" />
	<file src="client/textures/molotovicon.png" />
	<file src="client/textures/mp5lngicon.png" />
	<file src="client/textures/nitestickicon.png" />
	<file src="client/textures/nvgogglesicon.png" />
	<file src="client/textures/poolcueicon.png" />
	<file src="client/textures/rocketlaicon.png" />
	<file src="client/textures/satchelicon.png" />
	<file src="client/textures/sawnofficon.png" />
	<file src="client/textures/shotgspaicon.png" />
	<file src="client/textures/shovelicon.png" />
	<file src="client/textures/silencedicon.png" />
	<file src="client/textures/siteM16.png" />
	<file src="client/textures/siterocket.png" />
	<file src="client/textures/skateboardIcon.png" />
	<file src="client/textures/SNIPERcrosshair.png" />
	<file src="client/textures/SNIPERicon.png" />
	<file src="client/textures/SPRAYCANicon.png" />
	<file src="client/textures/teargasicon.png" />
	<file src="client/textures/tec9icon.png" />
	<file src="client/textures/arrow.png" />
	<file src="client/textures/radardisc.png" />
	<file src="client/textures/radarRingPlane.png" />
	<file src="client/textures/radar_airYard.png" />
	<file src="client/textures/radar_ammugun.png" />
	<file src="client/textures/radar_barbers.png" />
	<file src="client/textures/radar_BIGSMOKE.png" />
	<file src="client/textures/radar_boatyard.png" />
	<file src="client/textures/radar_bulldozer.png" />
	<file src="client/textures/radar_burgerShot.png" />
	<file src="client/textures/radar_cash.png" />
	<file src="client/textures/radar_CATALINAPINK.png" />
	<file src="client/textures/radar_centre.png" />
	<file src="client/textures/radar_CESARVIAPANDO.png" />
	<file src="client/textures/radar_chicken.png" />
	<file src="client/textures/radar_CJ.png" />
	<file src="client/textures/radar_CRASH1.png" />
	<file src="client/textures/radar_dateDisco.png" />
	<file src="client/textures/radar_dateDrink.png" />
	<file src="client/textures/radar_dateFood.png" />
	<file src="client/textures/radar_diner.png" />
	<file src="client/textures/radar_emmetGun.png" />
	<file src="client/textures/radar_enemyAttack.png" />
	<file src="client/textures/radar_fire.png" />
	<file src="client/textures/radar_Flag.png" />
	<file src="client/textures/radar_gangB.png" />
	<file src="client/textures/radar_gangG.png" />
	<file src="client/textures/radar_gangN.png" />
	<file src="client/textures/radar_gangP.png" />
	<file src="client/textures/radar_gangY.png" />
	<file src="client/textures/radar_girlfriend.png" />
	<file src="client/textures/radar_gym.png" />
	<file src="client/textures/radar_hostpital.png" />
	<file src="client/textures/radar_impound.png" />
	<file src="client/textures/radar_light.png" />
	<file src="client/textures/radar_LocoSyndicate.png" />
	<file src="client/textures/radar_MADDOG.png" />
	<file src="client/textures/radar_mafiaCasino.png" />
	<file src="client/textures/radar_MCSTRAP.png" />
	<file src="client/textures/radar_modGarage.png" />
	<file src="client/textures/radar_north.png" />
	<file src="client/textures/radar_OGLOC.png" />
	<file src="client/textures/radar_pizza.png" />
	<file src="client/textures/radar_police.png" />
	<file src="client/textures/radar_propertyG.png" />
	<file src="client/textures/radar_propertyR.png" />
	<file src="client/textures/radar_qmark.png" />
	<file src="client/textures/radar_race.png" />
	<file src="client/textures/radar_runway.png" />
	<file src="client/textures/radar_RYDER.png" />
	<file src="client/textures/radar_saveGame.png" />
	<file src="client/textures/radar_school.png" />
	<file src="client/textures/radar_spray.png" />
	<file src="client/textures/radar_SWEET.png" />
	<file src="client/textures/radar_tattoo.png" />
	<file src="client/textures/radar_THETRUTH.png" />
	<file src="client/textures/radar_TORENO.png" />
	<file src="client/textures/radar_TorenoRanch.png" />
	<file src="client/textures/radar_triads.png" />
	<file src="client/textures/radar_triadsCasino.png" />
	<file src="client/textures/radar_truck.png" />
	<file src="client/textures/radar_tshirt.png" />
	<file src="client/textures/radar_waypoint.png" />
	<file src="client/textures/radar_WOOZIE.png" />
	<file src="client/textures/radar_ZERO.png" />
	<file src="client/textures/radar00.png" />
	<file src="client/textures/radar01.png" />
	<file src="client/textures/radar02.png" />
	<file src="client/textures/radar03.png" />
	<file src="client/textures/radar04.png" />
	<file src="client/textures/radar05.png" />
	<file src="client/textures/radar06.png" />
	<file src="client/textures/radar07.png" />
	<file src="client/textures/radar08.png" />
	<file src="client/textures/radar09.png" />
	<file src="client/textures/radar10.png" />
	<file src="client/textures/radar100.png" />
	<file src="client/textures/radar101.png" />
	<file src="client/textures/radar102.png" />
	<file src="client/textures/radar103.png" />
	<file src="client/textures/radar104.png" />
	<file src="client/textures/radar105.png" />
	<file src="client/textures/radar106.png" />
	<file src="client/textures/radar107.png" />
	<file src="client/textures/radar108.png" />
	<file src="client/textures/radar109.png" />
	<file src="client/textures/radar11.png" />
	<file src="client/textures/radar110.png" />
	<file src="client/textures/radar111.png" />
	<file src="client/textures/radar112.png" />
	<file src="client/textures/radar113.png" />
	<file src="client/textures/radar114.png" />
	<file src="client/textures/radar115.png" />
	<file src="client/textures/radar116.png" />
	<file src="client/textures/radar117.png" />
	<file src="client/textures/radar118.png" />
	<file src="client/textures/radar119.png" />
	<file src="client/textures/radar12.png" />
	<file src="client/textures/radar120.png" />
	<file src="client/textures/radar121.png" />
	<file src="client/textures/radar122.png" />
	<file src="client/textures/radar123.png" />
	<file src="client/textures/radar124.png" />
	<file src="client/textures/radar125.png" />
	<file src="client/textures/radar126.png" />
	<file src="client/textures/radar127.png" />
	<file src="client/textures/radar128.png" />
	<file src="client/textures/radar129.png" />
	<file src="client/textures/radar13.png" />
	<file src="client/textures/radar130.png" />
	<file src="client/textures/radar131.png" />
	<file src="client/textures/radar132.png" />
	<file src="client/textures/radar133.png" />
	<file src="client/textures/radar134.png" />
	<file src="client/textures/radar135.png" />
	<file src="client/textures/radar136.png" />
	<file src="client/textures/radar137.png" />
	<file src="client/textures/radar138.png" />
	<file src="client/textures/radar139.png" />
	<file src="client/textures/radar14.png" />
	<file src="client/textures/radar140.png" />
	<file src="client/textures/radar141.png" />
	<file src="client/textures/radar142.png" />
	<file src="client/textures/radar143.png" />
	<file src="client/textures/radar15.png" />
	<file src="client/textures/radar16.png" />
	<file src="client/textures/radar17.png" />
	<file src="client/textures/radar18.png" />
	<file src="client/textures/radar19.png" />
	<file src="client/textures/radar20.png" />
	<file src="client/textures/radar21.png" />
	<file src="client/textures/radar22.png" />
	<file src="client/textures/radar23.png" />
	<file src="client/textures/radar24.png" />
	<file src="client/textures/radar25.png" />
	<file src="client/textures/radar26.png" />
	<file src="client/textures/radar27.png" />
	<file src="client/textures/radar28.png" />
	<file src="client/textures/radar29.png" />
	<file src="client/textures/radar30.png" />
	<file src="client/textures/radar31.png" />
	<file src="client/textures/radar32.png" />
	<file src="client/textures/radar33.png" />
	<file src="client/textures/radar34.png" />
	<file src="client/textures/radar35.png" />
	<file src="client/textures/radar36.png" />
	<file src="client/textures/radar37.png" />
	<file src="client/textures/radar38.png" />
	<file src="client/textures/radar39.png" />
	<file src="client/textures/radar40.png" />
	<file src="client/textures/radar41.png" />
	<file src="client/textures/radar42.png" />
	<file src="client/textures/radar43.png" />
	<file src="client/textures/radar44.png" />
	<file src="client/textures/radar45.png" />
	<file src="client/textures/radar46.png" />
	<file src="client/textures/radar47.png" />
	<file src="client/textures/radar48.png" />
	<file src="client/textures/radar49.png" />
	<file src="client/textures/radar50.png" />
	<file src="client/textures/radar51.png" />
	<file src="client/textures/radar52.png" />
	<file src="client/textures/radar53.png" />
	<file src="client/textures/radar54.png" />
	<file src="client/textures/radar55.png" />
	<file src="client/textures/radar56.png" />
	<file src="client/textures/radar57.png" />
	<file src="client/textures/radar58.png" />
	<file src="client/textures/radar59.png" />
	<file src="client/textures/radar60.png" />
	<file src="client/textures/radar61.png" />
	<file src="client/textures/radar62.png" />
	<file src="client/textures/radar63.png" />
	<file src="client/textures/radar64.png" />
	<file src="client/textures/radar65.png" />
	<file src="client/textures/radar66.png" />
	<file src="client/textures/radar67.png" />
	<file src="client/textures/radar68.png" />
	<file src="client/textures/radar69.png" />
	<file src="client/textures/radar70.png" />
	<file src="client/textures/radar71.png" />
	<file src="client/textures/radar72.png" />
	<file src="client/textures/radar73.png" />
	<file src="client/textures/radar74.png" />
	<file src="client/textures/radar75.png" />
	<file src="client/textures/radar76.png" />
	<file src="client/textures/radar77.png" />
	<file src="client/textures/radar78.png" />
	<file src="client/textures/radar79.png" />
	<file src="client/textures/radar80.png" />
	<file src="client/textures/radar81.png" />
	<file src="client/textures/radar82.png" />
	<file src="client/textures/radar83.png" />
	<file src="client/textures/radar84.png" />
	<file src="client/textures/radar85.png" />
	<file src="client/textures/radar86.png" />
	<file src="client/textures/radar87.png" />
	<file src="client/textures/radar88.png" />
	<file src="client/textures/radar89.png" />
	<file src="client/textures/radar90.png" />
	<file src="client/textures/radar91.png" />
	<file src="client/textures/radar92.png" />
	<file src="client/textures/radar93.png" />
	<file src="client/textures/radar94.png" />
	<file src="client/textures/radar95.png" />
	<file src="client/textures/radar96.png" />
	<file src="client/textures/radar97.png" />
	<file src="client/textures/radar98.png" />
	<file src="client/textures/radar99.png" />
</meta>